sample_id,GenusA,GenusB,GenusC,GenusD,GenusE,GenusF,GenusG,GenusH
synthetic-sample-0001,0.0,1.0552982806957982,0.5460860928580332,0.31816619954906517,0.197707630660702,0.8302559254844643,0.0,1.0
synthetic-sample-0002,2.2417289101311857,0.8315946523604724,1.3746384151249986,0.887293296230925,1.8633920974557177,1.814966192427947,0.0,1.0
synthetic-sample-0003,3.1487620637912634,0.686217058536895,0.6106031664411927,0.0,0.6217950094015973,0.8709017746653096,0.0,1.0
synthetic-sample-0004,1.2349502960333427,0.4321957658288369,0.4615763229024538,0.0,0.4540181098906692,0.41728974532042473,0.0,1.0
synthetic-sample-0005,0.9736223563767021,0.8715511212579073,0.675253476382485,0.44954925959073905,0.4081569485532623,1.9487666313157843,0.0,1.0
synthetic-sample-0006,4.354868767589968,0.8791379179336246,0.3039763710984829,1.3296559585162686,1.3969639993338558,0.34624374772970634,0.0,1.0
synthetic-sample-0007,0.5697917709861618,0.6725923325644934,4.541326038665749,0.6169511210457441,1.1711691215371043,2.833464067013236,0.0,1.0
synthetic-sample-0008,2.336161096285418,0.6908643273276868,1.9373520517373488,1.1156632061855092,0.6494218505895741,0.0,0.0,1.0
synthetic-sample-0009,0.8987451645623703,0.2859628958674117,0.9614978360179519,0.0,0.7028700187875283,0.29752807611272525,0.0,1.0
synthetic-sample-0010,0.5634279285355123,3.865507637003532,1.3068160311188768,0.48614144623676103,0.0,1.538208311089485,0.0,1.0
synthetic-sample-0011,2.0857964762401133,0.8743559941321688,0.9036126787627471,0.20804621745968588,0.0,0.5631416404345381,0.0,1.0
synthetic-sample-0012,0.21829619354704888,0.338611191740577,0.7767908162767397,2.737644845852688,1.1501287074139679,2.7280418601031595,0.0,1.0
synthetic-sample-0013,0.45075862230241365,0.16167240782044276,1.5108875312013579,4.196879471280989,0.19747611242073018,0.9581335365280886,0.0,1.0
synthetic-sample-0014,0.7736012632244024,0.0,0.8060319359753303,0.24440665829239727,0.6951849141564175,0.6943246664051008,0.0,1.0
synthetic-sample-0015,0.21198810985902797,2.816959014797439,0.5864098110440632,0.0,1.0256471849672655,0.1708555406947348,0.0,1.0
synthetic-sample-0016,1.023249728531714,0.5147112750695412,0.5327125564321371,0.8937010544437969,1.9583861171530144,1.8507118379887655,0.0,1.0
synthetic-sample-0017,0.4551115407870674,0.7169533436468515,0.6735197901844394,0.5462217204346559,2.4827137095315264,0.0,0.0,1.0
synthetic-sample-0018,0.517585921243634,0.6352303884983178,0.7903709133744311,0.34752732384212665,0.5249126430512202,1.2496016026055483,0.0,1.0
synthetic-sample-0019,0.6772760067794912,1.4227179384082167,0.46485688496634403,0.6761995302455127,0.6088862226721852,0.24015570166712993,0.0,1.0
synthetic-sample-0020,1.4843617525014103,1.4803849432016851,1.1623929920634186,2.199116461405622,0.0,1.9087076183434248,0.0,1.0
synthetic-sample-0021,0.0,0.19565882510225976,0.45951252296485845,2.6994477384283484,0.0,0.665230378347207,0.0,1.0
synthetic-sample-0022,1.1555171947180065,0.35414287727026195,0.9468872890005537,3.3938318843494737,0.3086604228199893,0.3810621249886418,0.0,1.0
synthetic-sample-0023,1.2639525701828602,0.0,0.0,0.903459146253905,1.3006830274609054,1.39531746836538,0.0,1.0
synthetic-sample-0024,3.2850600274689565,10.924181105016084,3.245694153057461,2.903466000344966,0.7801623588034745,0.4389439115847111,0.0,1.0
synthetic-sample-0025,0.7627386351323655,0.876396048921086,2.47472442904766,1.7007405137641947,0.2681508010803559,0.9095204488986722,0.0,1.0
synthetic-sample-0026,0.9234216036557219,1.0362299521127931,0.8320826755269267,0.2655090307805935,0.0,0.5786880503218866,0.0,1.0
synthetic-sample-0027,2.2328350725118202,0.44177428555144266,0.6708387547992842,0.26252620170084695,0.0,1.1452479095841879,0.0,1.0
synthetic-sample-0028,0.777653912987208,0.7707255644176161,2.2861593493522765,2.7501185846763274,0.6531290427968429,2.782320377000362,0.0,1.0
synthetic-sample-0029,0.8827054357746492,0.0,0.6061903905543072,0.4314882329638865,0.6243518552995018,0.0,0.0,1.0
synthetic-sample-0030,1.5570240059591571,0.7528418810325819,1.3558543940138053,0.5027602372519069,0.22987114814015697,1.583924052298615,0.0,1.0
synthetic-sample-0031,2.2122925030897296,0.8275069783580502,0.0,0.5598335941410894,0.3463546818014408,0.7977524464863938,0.0,1.0
synthetic-sample-0032,1.0488858727186852,0.3855263436476419,1.8888148747955906,1.7494854428768145,0.34444458170102943,0.26078181838890774,0.0,1.0
synthetic-sample-0033,0.44693924384709366,0.4493270256373069,0.3531658876803055,0.4886852812548554,1.1827516071596798,0.0,0.0,1.0
synthetic-sample-0034,1.2324110188597321,1.2142949680040551,0.6186114289257781,0.777593180075024,0.5429144085577214,1.7822438688722728,0.0,1.0
synthetic-sample-0035,2.0616023507535743,0.5801482871440097,0.39017864008399156,1.3750800245130121,0.0,1.7984050155089857,0.0,1.0
synthetic-sample-0036,0.0,1.796372642102321,1.295050216749458,0.0,3.1224913399836027,0.855395384047949,0.0,1.0
synthetic-sample-0037,2.0178491012217776,1.7073401799628054,1.1086198387878008,1.74326701734412,0.9211346076842033,1.6468370165121595,0.0,1.0
synthetic-sample-0038,1.364692282917167,1.296059630938274,2.0857328754096724,0.6867452923635604,4.363492664173184,0.5039224221051631,0.0,1.0
synthetic-sample-0039,0.4533321591097892,0.513645478312397,0.28769830258104967,0.659533341670947,0.35970863690694754,0.8781106754390516,0.0,1.0
synthetic-sample-0040,0.41877367394799414,1.04478983484907,1.2168082449060136,0.8925676692440959,0.6382153399675229,0.9658700502348122,0.0,1.0
synthetic-sample-0041,0.3320572632491668,1.0209151415611708,0.6319855480379876,0.6973872435519257,0.43711683272437896,2.500781978017879,0.0,1.0
synthetic-sample-0042,1.168295185103981,1.1387860210974263,1.1636031245372986,1.1016405985915103,0.0,1.442018805432665,0.0,1.0
synthetic-sample-0043,0.9937321528319633,0.9817255991692586,0.25966139537671423,0.8369740303598353,0.0,0.37447453521065444,0.0,1.0
synthetic-sample-0044,1.6278418200101934,5.41340127714804,1.7648381346731616,1.4604756246586061,0.6829787393755448,0.28458003118917785,0.0,1.0
synthetic-sample-0045,0.3723513183425035,1.1027667843859366,0.6432527575367102,0.3729226138180561,0.4915344960131903,0.22017802659005828,0.0,1.0
synthetic-sample-0046,0.5406918585056563,0.6500798013380819,0.8410730468630855,2.8538211446529065,0.4146956668004634,0.3188129353688321,0.0,1.0
synthetic-sample-0047,0.2733913097850239,2.085487891570118,1.6586618570524252,1.16421278304184,0.4058745867684001,2.863545958050579,0.0,1.0
synthetic-sample-0048,0.3124780711587813,0.3826219462049698,1.1509018264987525,0.60312483682825,1.0614966607389507,0.20921545932501542,0.0,1.0
synthetic-sample-0049,3.0433856740415695,0.19341560849418382,2.271383625708996,0.0,1.9102910496464884,0.15378708881235034,0.0,1.0
synthetic-sample-0050,0.3689898166212976,0.0,0.40156926252228126,0.44711068206326016,0.9248322162727679,1.1750388248476633,0.0,1.0
synthetic-sample-0051,1.816495345308805,7.137390380869958,1.52385944180518,0.25962089496331464,0.33591997863692913,0.0,0.0,1.0
synthetic-sample-0052,2.8397861627180183,0.9090885920873488,4.668189111106811,1.017833150279232,0.9985928121751344,0.6696995995694094,0.0,1.0
synthetic-sample-0053,0.4667368735188833,1.331809824319767,0.0,2.0909181986540366,1.2820582872857447,3.2104596591144072,0.0,1.0
synthetic-sample-0054,0.9423470516103505,0.0,0.6129414927474887,1.455497884228003,0.7998748037498274,0.4261522384934106,0.0,1.0
synthetic-sample-0055,0.3819085675271499,1.4993625010453155,1.070835841954203,1.197443664753742,0.0,1.165442674051535,0.0,1.0
synthetic-sample-0056,1.4007915618154267,0.39065837169946505,0.0,0.28258544887375153,0.3214561723792152,0.9942302230568547,0.0,1.0
synthetic-sample-0057,1.5488340159515366,0.4804318905954536,1.135359033402581,0.30377341985738554,1.1819556582402306,0.37708072194122033,0.0,1.0
synthetic-sample-0058,1.1928931626817096,0.0,0.14472210010981815,0.8490124852240604,0.8169313108313343,1.4252449071002982,0.0,1.0
synthetic-sample-0059,0.8801244981832956,0.5849485992317391,0.6927527302385253,0.9161900204569259,1.3834213226429246,0.901863668711421,0.0,1.0
synthetic-sample-0060,0.0,0.0,2.065363275176291,0.42880783526160837,0.5848050741476678,0.5154623068849731,0.0,1.0
synthetic-sample-0061,1.0147084182797705,1.4877376007224772,0.9647565612309094,0.198900269868772,1.8210840223678537,8.821803539254411,0.0,1.0
synthetic-sample-0062,1.9711721465588112,0.35813032591254357,0.4825649277558781,0.7050452979489252,0.637529979999306,0.8070673211328924,0.0,1.0
synthetic-sample-0063,0.4349028044508339,0.4718631058483419,1.187708725247358,1.5049771402888363,0.0,0.26114736124955057,0.0,1.0
synthetic-sample-0064,3.1138543078017227,1.1611707611385704,0.46494418333043125,0.5653792434250892,0.9727895318795264,0.9488108061285074,0.0,1.0
synthetic-sample-0065,1.9796693197734256,0.7648273796711624,2.471986794015731,1.4738341045532426,1.0384154048845862,1.1392986002165366,0.0,1.0
synthetic-sample-0066,1.1094923759501991,0.4365072022747283,0.3446553148155973,0.4814921831904977,1.5190196628121964,0.377626444668288,0.0,1.0
synthetic-sample-0067,0.40652615061428116,0.24185089577865101,1.0755165096279924,0.7417282588633807,0.45489052920070433,0.931613705470592,0.0,1.0
synthetic-sample-0068,1.233126897401905,0.5490949454041033,0.0,1.5245953045041376,0.3721091328016371,0.2964361104005454,0.0,1.0
synthetic-sample-0069,9.863714464545772,0.9930224166582076,0.8742165510170194,0.36068078046926083,1.3096291469571473,0.945185861789169,0.0,1.0
synthetic-sample-0070,0.8896128593577223,4.13148212246301,0.896630201071231,1.162181555020982,3.6868357865029258,1.2933092186993982,0.0,1.0
synthetic-sample-0071,0.4797057141934183,0.0,1.2622378230829456,0.1455576851796086,3.251705191115851,0.7625648309895474,0.0,1.0
synthetic-sample-0072,1.2361905730825584,0.0,1.1535379785815827,0.0,0.44391540547137337,0.7339486843195375,0.0,1.0
synthetic-sample-0073,1.5991006845342282,0.8807626799787976,0.2410815766025074,0.49525981241513417,0.458156558861651,0.8625453124077567,0.0,1.0
synthetic-sample-0074,0.0,0.15248205975674164,2.5405754799624813,1.0015998412284481,0.8900387350111435,0.4760978565658681,0.0,1.0
synthetic-sample-0075,1.0854393498874213,0.88589605651467,1.8113498525148255,0.6886866590323308,0.3812726010587212,0.48633213371951906,0.0,1.0
synthetic-sample-0076,0.7070857817522617,0.5815543620625148,1.926784516799459,1.1982839069006608,0.6588241401498934,0.0,0.0,1.0
synthetic-sample-0077,0.5018320088982299,0.7510699623775723,0.0,0.5381558611117511,0.0,0.9010817638395032,0.0,1.0
synthetic-sample-0078,1.2102178116476217,0.42803692282889233,0.833644222414388,0.623658999743453,0.7348717832926301,1.513993069100946,0.0,1.0
synthetic-sample-0079,1.720169158463725,2.4214141301594747,2.7729229324131994,0.15815946232980685,1.7164009578291757,0.39483615879206535,0.0,1.0
synthetic-sample-0080,0.399104459677833,0.2958416917758261,0.0,0.5954596018563858,1.1505419501867,0.3598997525433176,0.0,1.0
synthetic-sample-0081,0.0,1.2762437483514222,0.3667482506372896,0.3521111784938593,2.901541706938383,0.8065778862589855,0.0,1.0
synthetic-sample-0082,0.7548159208068896,0.9238925693477686,0.37422079516391393,0.9879965337817497,0.8660934818386378,0.0,0.0,1.0
synthetic-sample-0083,0.4228272900985242,0.5379221659359404,0.4579186450891917,0.4098417706224004,1.6004689695527907,1.5296414950313233,0.0,1.0
synthetic-sample-0084,0.9427376497389219,1.7017998320358212,2.1764325454171796,0.9461056065391147,0.0,1.2460374605162428,0.0,1.0
synthetic-sample-0085,0.9749655485202134,0.35306273366473573,0.8431728547454255,1.603935610459849,0.5801282289076123,0.4472341996524239,0.0,1.0
synthetic-sample-0086,0.40129870584996385,0.8898766853809982,0.43797007455209674,0.38318228868161436,1.2010273126522828,0.4195273596509692,0.0,1.0
synthetic-sample-0087,0.3652081749674589,0.6149901451694778,1.0592780935679849,0.0,0.0,0.6822872211937251,0.0,1.0
synthetic-sample-0088,2.9068836306866683,2.882685844176295,0.8764613863644104,0.3504556039995249,1.2749132920264288,0.19642906659164353,0.0,1.0
synthetic-sample-0089,0.7077810832616883,1.3710400964510554,0.8750032463614128,1.2670749455604977,0.0,2.744114850126601,0.0,1.0
synthetic-sample-0090,0.9894334398228175,0.3688441429516211,0.3384184174836274,0.4996382625763369,0.320379626420292,0.6701358976621159,0.0,1.0
synthetic-sample-0091,1.8687417735039349,2.3645344036112483,1.3164753295802547,0.5514892982886377,0.15795826848586803,0.5411783551345825,0.0,1.0
synthetic-sample-0092,0.8383801725907601,0.38025988672106686,0.0,0.5248182419706063,0.43306991552376245,0.6384919150580772,0.0,1.0
synthetic-sample-0093,0.7570127760262612,0.7681601438311603,1.62400038226514,0.5732437170606287,0.6110914614876181,0.6211024543162249,0.0,1.0
synthetic-sample-0094,2.9289607017968,1.712087634709623,0.39742637073670156,0.6218597984530954,0.28342667311122455,0.9528417318105955,0.0,1.0
synthetic-sample-0095,1.3122503024671957,0.0,0.0,0.49708079644907,0.7508109927369732,0.0,0.0,1.0
synthetic-sample-0096,1.3247910657289383,0.4476246747244996,0.7505627373500366,0.6965120139145847,1.379022888275872,0.6758999483411674,0.0,1.0
synthetic-sample-0097,0.21360650757189004,0.8786124334085545,4.194532712458265,1.488169044229675,0.9863658155673143,0.5801400356086659,0.0,1.0
synthetic-sample-0098,1.9120876936524493,0.470974943463443,0.2905184633742789,0.9187705981490514,1.0593293839188045,1.5861362417518852,0.0,1.0
synthetic-sample-0099,0.0,0.46259327974707715,3.025585581146542,0.6277634080805727,0.4961636488252634,0.0,0.0,1.0
synthetic-sample-0100,0.4733282828243762,1.1561496490985472,0.6739367449246177,1.3245333399075343,3.407552681649194,0.9529497283052665,0.0,1.0
synthetic-sample-0101,2.7158881860399258,3.0045396110305878,0.4661218092723983,0.5184943304807068,0.33422762966062003,2.253814203654724,0.0,1.0
synthetic-sample-0102,1.051547072398871,0.0,0.7249449563555526,0.0,0.30455426991786344,2.7671999157061182,0.0,1.0
synthetic-sample-0103,0.46596528982704866,0.4803210067300555,1.1617388761097602,1.6998810545900243,0.0,0.8703998650955664,0.0,1.0
synthetic-sample-0104,0.9812500232173055,0.2646777837775809,0.5703259958341523,0.3773775458661742,4.0506658513925045,1.1980418088832614,0.0,1.0
synthetic-sample-0105,0.3226330816521996,0.545535422392489,1.128164074695485,0.8458925411706316,0.5420884459155906,0.3912942108345202,0.0,1.0
synthetic-sample-0106,1.0974098686319615,0.0,0.17429472613542146,0.0,3.1534118427891844,0.5394950245030882,0.0,1.0
synthetic-sample-0107,1.873210473897959,1.1465265077462838,0.7994196294469207,1.1201658410716626,1.395151081764204,0.12394185590073235,0.0,1.0
synthetic-sample-0108,1.7758305434739976,0.27781697026241275,0.0,1.62324628730851,0.441822219883346,0.0,0.0,1.0
synthetic-sample-0109,0.0,0.24451289062855652,0.5107595428794884,8.247095263444802,0.30330878925569715,0.9294219367444456,0.0,1.0
synthetic-sample-0110,1.9609314600358005,1.1458165738665267,0.9464791820761828,1.253674899337272,1.2581696432330371,0.9042663240272978,0.0,1.0
synthetic-sample-0111,0.0,0.0,0.0,1.3065436459899615,0.6177068335684178,1.418185520292725,0.0,1.0
synthetic-sample-0112,2.3120318447741885,1.0447377023447049,1.521451745847371,0.4145598709581954,1.0031816335538937,1.574581182917697,0.0,1.0
synthetic-sample-0113,0.0,4.26782318316116,1.137975848492473,2.921021982545447,0.0,0.4623628749339293,0.0,1.0
synthetic-sample-0114,0.4968631049109323,1.1935033180061965,0.7460135269119612,0.5796460712331675,0.0,0.23624843923886588,0.0,1.0
synthetic-sample-0115,1.1172758967492675,2.2365179113652647,1.059374169800143,0.38209939935449855,0.0,0.16883307791874722,0.0,1.0
synthetic-sample-0116,1.4428834184115242,0.31054860955766184,0.4938495399152151,0.11285901568589814,1.6677234000131764,0.9558365018817101,0.0,1.0
synthetic-sample-0117,0.2691344658438513,0.7556991044569562,0.37971955892894366,1.1266544667641099,1.600385610209927,0.7236648311861203,0.0,1.0
synthetic-sample-0118,0.5662333198129496,0.6986827953402999,0.9055781023264402,0.36336273558356613,0.0,0.7991607904948566,0.0,1.0
synthetic-sample-0119,0.4754176332869607,0.8409490328622867,0.0,0.32945473949191295,0.16304347457576449,0.5296998791980309,0.0,1.0
synthetic-sample-0120,0.770987622065407,1.5964325888882251,1.343163666171526,0.8679168477531535,1.0404126430863492,1.5270311815024717,0.0,1.0
synthetic-sample-0121,0.7630167866499372,0.9054897112496088,1.540166109671561,0.37902957480945487,0.42944973817877535,0.6211508443337838,0.0,1.0
synthetic-sample-0122,1.335692311367691,0.2972681423601111,0.4589449282886027,0.4163657196389086,0.4356997147079057,0.7927173878333832,0.0,1.0
synthetic-sample-0123,0.9525078564367101,0.9340000330596289,0.0,0.5595302071413972,0.4947191689497963,0.5849182397756146,0.0,1.0
synthetic-sample-0124,0.6797215163536445,0.2798809045983056,2.2060499841928394,0.3477541596118299,0.46143290178854635,0.7887974407365181,0.0,1.0
synthetic-sample-0125,1.544846041351049,0.8927302807851462,1.6702747576371237,2.031378006009171,3.3138581374923777,0.7327733910542998,0.0,1.0
synthetic-sample-0126,0.0,1.1249867323346148,0.7899609722441288,1.000269852753458,0.37393060683759594,0.0,0.0,1.0
synthetic-sample-0127,0.6994658392351536,1.1087362203841558,1.7785319905857515,0.3130994087678387,0.0,1.7755034498782793,0.0,1.0
synthetic-sample-0128,0.8365207036473986,2.1097025376959504,0.5055335069009027,0.6359943127916184,0.7729304908530178,0.7806619529088994,0.0,1.0
synthetic-sample-0129,0.42696598924838697,1.3023848812993182,1.6450763057592939,0.4123459847604183,1.3383197976378736,0.4536088173123077,0.0,1.0
synthetic-sample-0130,0.20768992399777786,3.0393573666110014,1.4167278174469897,1.1470712479031808,1.409856218521552,0.3230639918388683,0.0,1.0
synthetic-sample-0131,1.1547907866032572,0.15538645748412153,2.7573645796846815,0.2846782226550185,0.0,1.0391062793781969,0.0,1.0
synthetic-sample-0132,0.520311857955851,0.7471969506970583,0.3943483047121617,0.7956427020530806,0.39933201599561774,0.840729462043471,0.0,1.0
synthetic-sample-0133,0.6631256913897998,1.610975902176069,0.0,0.5888113851140663,4.9470121434031835,2.997475104823636,0.0,1.0
synthetic-sample-0134,1.9141903182621527,0.0,1.1860913430880367,1.2876142431788997,0.8320436065064011,1.334449602108254,0.0,1.0
synthetic-sample-0135,0.8407647298608534,4.613559392301529,0.21761003543569227,0.9341380359041008,2.0458192269522444,1.131216859914688,0.0,1.0
synthetic-sample-0136,1.1945900493145138,0.4009584311323704,0.0,3.6760650701236646,0.3373495150236032,0.0,0.0,1.0
synthetic-sample-0137,1.4286336516717257,0.32535263791176133,3.035247702838732,0.3079356757552569,1.4977308017474147,0.9265050616711835,0.0,1.0
synthetic-sample-0138,0.6295106021648251,3.2632681887925443,1.4931258543191814,0.18197742784329704,0.5521422066972339,0.3701273589787371,0.0,1.0
synthetic-sample-0139,1.1134315561124895,0.0,1.0377425475268856,2.1399646284843032,1.3315345668645173,3.3027626420965226,0.0,1.0
synthetic-sample-0140,3.235475692161124,1.8805628117704898,0.29044569465659176,0.7363842822384259,0.9878641069579236,0.588835693842875,0.0,1.0
synthetic-sample-0141,0.4045106427491072,0.27826939644131216,2.0088424753406002,0.31805118976277674,0.3806976528849246,2.8200709261888215,0.0,1.0
synthetic-sample-0142,0.25085531039321163,0.5978449890753228,2.4785836798753658,1.7778926743120658,1.265206157612047,0.9150982250732281,0.0,1.0
synthetic-sample-0143,1.030784802911684,0.0,1.754259490561859,0.7051902960134997,0.5755139412771445,2.0134224497773223,0.0,1.0
synthetic-sample-0144,0.17153263676256986,0.28403012829392604,0.9228049379240539,0.8478473481960588,1.1533326162384603,0.0,0.0,1.0
synthetic-sample-0145,1.2415750435846096,1.6282123726294035,0.986020972182063,0.4932496923943878,0.43366860913557614,0.9561342704790877,0.0,1.0
synthetic-sample-0146,0.0,0.4375275855414307,0.6505058516359833,1.5186578363277459,1.4463102836611317,0.6211287668017167,0.0,1.0
synthetic-sample-0147,0.40562832146932953,1.275430165316052,0.0,0.8280705161678756,0.3420118478508001,0.6849001966854578,0.0,1.0
synthetic-sample-0148,0.3861054042449897,1.754335158140222,0.0,1.0282982660637279,0.6260760683744346,3.2299619644299624,0.0,1.0
synthetic-sample-0149,0.3647521753734389,0.0,0.32264167113748693,0.44851678761393227,4.098116486203889,0.4140315602025787,0.0,1.0
synthetic-sample-0150,3.4327423423358345,1.9563764103601164,0.9338800868973511,0.5225429028607649,1.1238541905148067,2.180277607386278,0.0,1.0
synthetic-sample-0151,0.3910416546914652,0.14748781255406576,2.7439830328001364,0.19827600993409494,0.6352948043937404,0.7920682486500745,0.0,1.0
synthetic-sample-0152,0.30188237922460964,0.2363392920049262,1.3129715170664598,0.8642108586540348,0.40494950016237985,4.477144149500787,0.0,1.0
synthetic-sample-0153,0.4750710874169566,0.4012823305129879,0.0,3.917065900828078,0.3841026757292468,0.35207744893503395,0.0,1.0
synthetic-sample-0154,0.5207830426852572,1.4034063231309286,1.630889154042174,0.0,0.0,1.18959427692817,0.0,1.0
synthetic-sample-0155,0.6870446569359374,0.9617338008624536,1.4579718757165407,0.5613845930038539,0.30046600827626285,0.6630284628781785,0.0,1.0
synthetic-sample-0156,0.6234265251928209,0.5105567036978478,0.5040941589433852,0.5273439341656592,0.22652369209466755,0.48388193028483073,0.0,1.0
synthetic-sample-0157,1.089045085029233,0.0,2.4580115469721835,0.16135959765126295,0.0,1.2797294541177873,0.0,1.0
synthetic-sample-0158,0.7648047856525781,4.415014610849225,0.5275763186359417,0.6926593758102351,1.4080259287571966,1.4764887338411905,0.0,1.0
synthetic-sample-0159,0.47004453664562734,1.2016246273929456,0.0,0.8326840212658436,0.7060072313778477,0.9393605131732568,0.0,1.0
synthetic-sample-0160,0.8856195657508813,0.16920077754900284,0.42641237652819824,1.1305198346421101,1.7046075940935004,0.6724407357823442,0.0,1.0
synthetic-sample-0161,0.0,0.4948029043551502,0.5635060873701879,1.090893635066652,0.9284611994726827,0.16364998356672059,0.0,1.0
synthetic-sample-0162,0.0,0.5241915364663625,0.0,0.0,11.213939759987554,0.3322195737791813,0.0,1.0
synthetic-sample-0163,1.952276987566723,1.3694348143119344,1.624044646071554,1.2411505596880303,0.2706782775896248,0.5713554593605586,0.0,1.0
synthetic-sample-0164,0.6519712029733903,0.3635233273898313,0.5140560366865509,0.7760167037318488,0.17937553384093774,0.8978853063476644,0.0,1.0
synthetic-sample-0165,0.6002759369327951,1.9341313102341133,0.396313983016754,1.353153414123604,0.5467869625379168,0.0,0.0,1.0
synthetic-sample-0166,0.6253872806179217,0.39071278139977683,0.6708245673592118,1.3187475070847807,2.142133342070601,0.4271888303712288,0.0,1.0
synthetic-sample-0167,1.344871312302552,1.3536923549032776,0.49183581981526775,0.48761719676372656,0.4315215884125765,1.3287137217951717,0.0,1.0
synthetic-sample-0168,1.5681008229781719,1.3422728759423848,1.5196072050643736,5.1713449579613275,0.8239326206212889,1.0756994211259596,0.0,1.0
synthetic-sample-0169,0.18316839930437,1.38656226591331,1.8850818338674107,1.5424077422236966,0.46358538762859214,0.0,0.0,1.0
synthetic-sample-0170,0.5394983098923654,1.0212211215312486,1.8081188265666006,0.19780487573134403,1.0476769763864158,0.8148236765581836,0.0,1.0
synthetic-sample-0171,0.49982460162570763,0.13711804586291454,0.19577231180179563,0.0,2.642855539553643,0.9094670121490063,0.0,1.0
synthetic-sample-0172,2.4747020060962828,0.6176835804946865,1.57155794603992,0.31867843338472934,1.1702957840011932,0.29778620553698,0.0,1.0
synthetic-sample-0173,0.786673016938947,0.8251280060954623,1.4489952817724667,0.9740727886671178,0.8428604377381638,0.7271917374452781,0.0,1.0
synthetic-sample-0174,0.8072922585805432,0.773907622207451,1.2436415123486817,1.4267153665130574,0.5783122757849413,1.3084484037949495,0.0,1.0
synthetic-sample-0175,0.33255746540057046,1.1677974325573646,0.765170572350956,0.31925832460329856,0.5962673249233704,0.8663263223535833,0.0,1.0
synthetic-sample-0176,1.1590720027008363,0.2592422933862036,0.45939895465041164,1.9008808731377775,1.9548222594566234,0.2480948729423332,0.0,1.0
synthetic-sample-0177,0.0,0.0,0.4826813356766696,1.1062452501098268,4.413369666842162,0.25137067569312926,0.0,1.0
synthetic-sample-0178,2.9364024151109684,0.21963322206311214,3.5011371771459974,2.2783828544590023,0.8950505561184928,1.615426173285236,0.0,1.0
synthetic-sample-0179,1.4804395608818988,0.5964139975978965,0.22768055238883475,0.7283068314604618,1.029153125864988,1.501730400744321,0.0,1.0
synthetic-sample-0180,0.779867639104136,0.673611352923794,1.6734131343384289,1.7297647980168367,1.6964786269657868,1.2244583010520005,0.0,1.0
synthetic-sample-0181,1.1245847295546891,0.8334479131843079,2.135215469596768,0.6292169224115649,0.5106361492613103,0.9699334473408698,0.0,1.0
synthetic-sample-0182,0.06113435414558376,1.1040110075481984,1.539339595010025,1.7394234871761454,0.0,1.2092207503947872,0.0,1.0
synthetic-sample-0183,2.062098421571422,1.3177221059099722,0.6751394338526617,1.890603297946434,1.4331459966091782,0.9806937070300784,0.0,1.0
synthetic-sample-0184,0.8136187942107029,0.9202039843505955,0.48508357228652693,0.5283126426828981,4.018802751376686,0.28251309971386934,0.0,1.0
synthetic-sample-0185,0.26207166663224796,0.6706305051226673,0.0,0.5450740902964022,1.6515069009554857,0.9861634061610122,0.0,1.0
synthetic-sample-0186,0.6754325667435968,0.5930952824391035,1.6413870269782527,1.0974915984794522,1.6368256473647937,0.566392046053015,0.0,1.0
synthetic-sample-0187,2.233332259508679,2.2904944252211235,0.3457106697978401,3.3748862635915673,0.32249166843225413,0.6413832214802274,0.0,1.0
synthetic-sample-0188,0.3977130459296654,0.0,2.986630774176075,0.5157463233233227,0.2515781496141282,3.3153583757789744,0.0,1.0
synthetic-sample-0189,0.3062395414212691,0.9882300844609642,1.7692970829402666,0.6121408136550532,0.685720656478029,0.9372944864985687,0.0,1.0
synthetic-sample-0190,0.9878223785281086,0.6577128184650352,2.1068437793880777,0.4837020989959685,0.0,0.2615905501651539,0.0,1.0
synthetic-sample-0191,0.1885969332247507,0.4566750643423661,0.897315864153329,1.6852323367311859,0.713430706218736,2.5279678028577655,0.0,1.0
synthetic-sample-0192,1.0132013700090075,0.44916224984435693,0.5763770595229166,0.7245584172291559,3.110920592982359,0.9186513649646335,0.0,1.0
synthetic-sample-0193,0.9577783883122997,3.8601136267975797,1.9927639066437743,1.3416414573815096,0.4222678129210744,0.2134242306717845,0.0,1.0
synthetic-sample-0194,0.6369075690126503,0.0,2.748659689485921,0.6078014981277376,1.7570225102952823,3.8781530149497487,0.0,1.0
synthetic-sample-0195,1.4006562675481007,0.9328950927880381,0.19550249696053185,0.3954349500584745,1.2116143697189454,0.0,0.0,1.0
synthetic-sample-0196,0.8624091109028648,1.245670920995087,0.5738599016734378,2.474750795994793,0.2251617863223529,4.603463356396679,0.0,1.0
synthetic-sample-0197,6.123189926820051,0.4828046971156721,0.20101573538218287,0.25705713229287,7.484130268693777,0.0,0.0,1.0
synthetic-sample-0198,0.6462383282423153,0.14749279579189428,0.6955140814523548,1.4855334401065095,0.6026901409644739,0.0,0.0,1.0
synthetic-sample-0199,0.7001557639585742,1.5379955021265204,3.747587503261086,1.4375035629091442,0.41999986868420963,1.7717767317895665,0.0,1.0
synthetic-sample-0200,0.0,1.2471569727629868,1.7108001157464325,0.0,0.9191009562038835,0.3045421080894089,0.0,1.0
synthetic-sample-0201,0.584732282449767,1.0558872315032715,0.5663612510919289,0.2688514574160983,1.5055180380374464,1.0017881891213454,0.0,1.0
synthetic-sample-0202,0.6138154007669151,0.5059943247785487,0.7396883133279479,1.078078512984306,0.6597070626423369,0.705603736743716,0.0,1.0
synthetic-sample-0203,0.5007411305068284,1.3566195818669549,0.7514643873371921,0.92751762933198,0.4342182051323794,0.3727846596772406,0.0,1.0
synthetic-sample-0204,0.33239933522620385,2.1857216548125775,0.7733276896444253,2.571171268572359,0.968314329950598,0.7833063248035256,0.0,1.0
synthetic-sample-0205,4.343003607844206,0.0,0.4225242857048936,0.5896855760353831,0.6459177650048784,1.6967767286201088,0.0,1.0
synthetic-sample-0206,2.1544762914902313,0.07639536823538927,0.29954679647938687,1.2664746593378884,1.5563531933298205,0.47464767018376275,0.0,1.0
synthetic-sample-0207,3.9495467228229155,0.16146600753808113,0.3452312861030296,1.7603462129690362,0.3007894264479359,0.7385721799654916,0.0,1.0
synthetic-sample-0208,1.5867773652513433,0.09340771495794198,0.3633376012591462,0.6344891752382236,0.2201878974607645,0.2523930701054025,0.0,1.0
synthetic-sample-0209,1.482085161608891,0.14006952292034636,0.2893247958787893,3.2385711967826345,0.34707613174884666,0.5925046595069616,0.0,1.0
synthetic-sample-0210,5.0474760396279805,0.10427640358733084,0.46281180841137126,2.3363760080539655,1.0991401900222988,0.28488662541644255,0.0,1.0
synthetic-sample-0211,5.671818834766897,0.8153221498547712,1.6194209042287153,1.6698505720563765,0.7721166741087419,0.3561043026992644,0.0,1.0
synthetic-sample-0212,1.292052920144947,0.4662017030156823,0.4380040578515285,12.097537946413938,1.6911050333970512,0.6286061406677275,0.0,1.0
synthetic-sample-0213,0.0,0.1413682061962118,0.33721382238375336,3.885514412548247,1.5766659351023722,0.08780146628259361,0.0,1.0
synthetic-sample-0214,0.0,0.29529168444249065,0.15533448483720902,7.306980866135914,0.5190899687573947,2.156158506188602,0.0,1.0
synthetic-sample-0215,4.066690892695309,0.16870940663041314,0.0,1.8670297101157454,0.39233751988053406,0.34126971024741937,0.0,1.0
synthetic-sample-0216,3.708008952177941,0.189583487550868,0.29256971961624423,0.35196245572909773,1.082991183240771,0.0,0.0,1.0
synthetic-sample-0217,0.3774970719864445,1.925132737541407,0.6894654048683093,1.3764483321725107,0.4208256890546781,0.0,0.0,1.0
synthetic-sample-0218,0.0,1.8863088014652427,1.007201371979533,0.9608157676928111,1.1440839821103106,1.3382456545155523,0.0,1.0
synthetic-sample-0219,0.24745044027123322,3.430142902392842,0.46929675980995045,0.44489420986628053,1.8296464224102644,0.5697715108841325,0.0,1.0
synthetic-sample-0220,1.130554365922356,4.195153426245664,1.9633308989982003,0.9320464503045182,2.129288620660984,0.9419196855269836,0.0,1.0
synthetic-sample-0221,0.3149765593010232,6.696968230242016,0.45708654479792965,1.073152936040888,0.27829307884933524,0.4840413758830187,0.0,1.0
synthetic-sample-0222,0.3710919065503086,3.1049876609374385,0.6877143066459797,4.197301283040114,1.1808553279074803,3.0590372892854454,0.0,1.0
synthetic-sample-0223,0.38376001382329356,0.6194789242333484,0.6072607793812613,0.516753107355168,1.9271891313476224,0.4640040756938984,0.0,1.0
synthetic-sample-0224,0.745193106147447,0.7618012317393797,0.9826603073783167,0.0,0.0,0.0,0.0,1.0
synthetic-sample-0225,0.0,1.4885854762838044,1.3763739515165263,0.0,1.0296719518766675,2.3095326151221762,0.0,1.0
synthetic-sample-0226,0.7029805796347262,0.5595266928765585,0.47027395521230597,0.2313147958142138,1.249266710712748,1.7730787884517005,0.0,1.0
synthetic-sample-0227,0.48524700602215604,1.5547849602622954,2.1282869275754757,0.3056502018907961,0.4170687590752327,0.22400970525788672,0.0,1.0
synthetic-sample-0228,0.28824743374901657,1.7457912274319511,1.0686447806565527,2.602232233630444,0.43074998698955674,0.33903784485957894,0.0,1.0
synthetic-sample-0229,0.0,1.053333632237084,0.4341944269366653,1.3565527946155225,0.8785740382708463,0.5113208408525404,0.0,1.0
synthetic-sample-0230,3.3562453514375687,1.4705154526613882,0.5520683247258004,0.752779436022973,1.2259452619629014,1.5221457112100285,0.0,1.0
synthetic-sample-0231,0.36422015742658176,1.815190254583007,0.5461207534096812,0.5039035543042105,3.349529383990861,2.3635484868393943,0.0,1.0
synthetic-sample-0232,1.2225659313711272,1.658854330851008,1.4284573891173076,2.08255679759438,3.047768320287058,0.0,0.0,1.0
synthetic-sample-0233,1.167585144151862,0.5908730029963625,0.3967349512723452,0.39273049669108123,0.6275530540840155,0.6452533453547983,0.0,1.0
synthetic-sample-0234,0.8565589589977894,0.5529307436536441,0.8837629139606678,0.9404737564011301,0.38671264587297843,0.2371461404337062,0.0,1.0
synthetic-sample-0235,0.603107883978095,0.3095966819729853,0.47823560569953777,0.7697959629463991,0.5464913848173689,0.6355493374582254,0.0,1.0
synthetic-sample-0236,0.19643457419584978,2.116397831616888,0.8370822353050201,0.33019961220851296,0.36998159647864387,0.9552368833810742,0.0,1.0
synthetic-sample-0237,0.4793433187824715,0.6785216924933817,1.2258317753139114,0.18918957119765464,0.7397176989915328,0.7402750802097608,0.0,1.0
synthetic-sample-0238,2.006053402165057,0.3283971298132304,0.0,0.47109865415013596,0.5620996250904596,2.01953990153247,0.0,1.0
synthetic-sample-0239,0.7162140197815313,0.9118818223538769,0.5314218889421206,3.0855287643351694,0.9151808651513286,1.7122891962404012,0.0,1.0
synthetic-sample-0240,1.745067078113643,1.5017051825324825,0.9851351351732988,0.0,0.8377958675157953,1.015383455022425,0.0,1.0
synthetic-sample-0241,0.0,0.8417366445748242,0.1831055298408048,1.5510919322983605,1.57219452426389,0.587722085574709,0.0,1.0
synthetic-sample-0242,1.326216052570725,0.5060281479721987,0.43985825861605427,0.44241799577009755,0.7224394673112047,0.7100040770859486,0.0,1.0
synthetic-sample-0243,0.4330936607381356,0.9272658274013812,1.7399443607550324,0.6101149423266697,1.6471366319226257,0.13236294556189296,0.0,1.0
synthetic-sample-0244,2.689868313261719,1.5358238233114194,1.2595715709645785,0.0,0.35074133939712737,0.7092210754683738,0.0,1.0
synthetic-sample-0245,0.31690700128849,2.609146864237333,1.4352216684905919,0.5570075722638671,0.20961432766189567,0.8188087065579422,0.0,1.0
synthetic-sample-0246,0.43670281143537715,0.6205187250186727,0.39179102163794877,0.13531474332268134,0.23138230685310307,0.9600528853915613,0.0,1.0
synthetic-sample-0247,0.7282851497486077,0.7911744827563914,1.326293400480252,1.0969741087848015,0.2560081411120974,0.3438209527673559,0.0,1.0
synthetic-sample-0248,1.4347719899665046,0.5305032627675892,1.7972605978905223,0.7139662937994103,1.0921720280816747,0.7684702819839966,0.0,1.0
synthetic-sample-0249,0.0,1.3934765032001792,0.9571455853271017,0.8418507100810848,1.9535484953475084,0.4382935570962462,0.0,1.0
synthetic-sample-0250,6.572912025412421,0.396101004717874,1.7484694670768526,4.3433209171609635,0.764090025997438,2.1312918703088175,0.0,1.0
synthetic-sample-0251,1.6370860098452924,0.5390619734231167,0.7028454629222488,0.0,1.249582278430633,0.0,0.0,1.0
synthetic-sample-0252,0.73094843298959,1.5274789201083157,0.0,0.9630547189855668,0.7615813553843894,0.6146097943335828,0.0,1.0
synthetic-sample-0253,1.1946200129258917,0.4927984606146936,0.11093865391125193,2.4885369935665187,0.6870473747389131,0.4261063857787822,0.0,1.0
synthetic-sample-0254,0.7888306296471388,0.14435559137877027,0.38578336134708247,0.47292727973697873,1.232300542799954,0.9993603643367629,0.0,1.0
synthetic-sample-0255,1.0999136429159153,0.08324940076870238,0.0,0.742442315717201,3.07203404994923,1.0825988231774049,0.0,1.0
synthetic-sample-0256,1.433710079589804,0.26717183512069204,0.5952674399149361,1.115396774494955,0.5708275456895855,3.6121942360598793,0.0,1.0
synthetic-sample-0257,0.9695965781092789,0.10543106565400588,0.7469556722837276,6.731964310995499,0.24171544777183537,1.0378962480928866,0.0,1.0
synthetic-sample-0258,20.873452703861474,0.7762009685050614,1.0092057553029143,0.5759738184846124,0.5379099524644856,2.6952944261499208,0.0,1.0
synthetic-sample-0259,4.173021353395931,0.0,0.39351037954202045,1.5508001569208008,0.7733366792689019,1.4977313549559457,0.0,1.0
synthetic-sample-0260,5.795708463405148,0.06158547610867658,0.6636149797069909,0.44173273070849944,0.37539653029970554,1.1924786374596843,0.0,1.0
synthetic-sample-0261,0.13236219068140295,0.16065988079428245,1.425243680624642,0.0,2.890904481863611,0.33895631224249767,0.0,1.0
synthetic-sample-0262,0.0,1.1560572684942039,0.39710816204601873,0.9143059928384678,1.041543810214172,0.7009014259741253,0.0,1.0
synthetic-sample-0263,2.7740078949953095,0.3217477641045851,0.5319973585843132,1.5315119413512566,1.137732319892629,0.976457034864851,0.0,1.0
synthetic-sample-0264,0.5243287038796534,0.3595571858616908,0.9748693964642232,1.0710088542240903,0.8234863049747781,2.400203219916216,0.0,1.0
synthetic-sample-0265,0.21334193019154865,3.424534121168245,1.047228887190264,0.43337610024836787,0.28814164348098004,0.3548754287604295,0.0,1.0
synthetic-sample-0266,0.0,0.0,2.0456601791772067,0.24210145914030715,1.4097740552030207,2.4666740894939765,0.0,1.0
synthetic-sample-0267,0.0,1.9115756764104104,0.6245793161767937,0.2841286151875332,0.0,2.410239967981105,0.0,1.0
synthetic-sample-0268,0.34122847867386563,0.8585314104722553,0.7337298603549643,1.1367647146561974,0.9780475247394832,0.44523651333809694,0.0,1.0
synthetic-sample-0269,1.0830851420577625,1.3492830710449477,0.9494325055269706,0.40214128337254595,0.0,0.6966998859679725,0.0,1.0
synthetic-sample-0270,0.392152645163969,1.498954896942395,1.3107397370180383,0.5207541044929324,0.7810523923216859,1.140774398049488,0.0,1.0
synthetic-sample-0271,0.6971322506502806,3.7979534995597857,0.4795339117614962,3.0667763166591704,4.046595508809277,1.7688077822190327,0.0,1.0
synthetic-sample-0272,1.3216898385992448,1.5136610647841242,1.208147234424935,0.0,1.0459462197706209,0.0,0.0,1.0
synthetic-sample-0273,0.8447910824087306,1.8880893611384935,0.6215898891658037,1.3144375258490808,1.2351676446768116,1.832845742544655,0.0,1.0
synthetic-sample-0274,0.403010040588553,2.539941273652154,0.49693625189691426,0.7501403743145689,0.4592395164272839,0.4063133021944812,0.0,1.0
synthetic-sample-0275,0.9016099320679107,3.246748938081599,0.6178634010725873,1.202319472794751,0.2711489766477022,0.7405130426079514,0.0,1.0
synthetic-sample-0276,0.18396585744867688,1.3819246279912742,0.5569427323834844,1.011414938700077,2.960909505706757,1.6708921044585752,0.0,1.0
synthetic-sample-0277,0.42039893352137675,1.056261890486184,0.9355570951846619,0.8777874716143338,1.5585295773327184,0.0,0.0,1.0
synthetic-sample-0278,1.6094022945590556,0.4005441499560446,1.098667336559103,0.21202124119302973,0.9819828440701259,0.9934684017350252,0.0,1.0
synthetic-sample-0279,0.8831550634756217,0.5337627217973924,0.43395634519837695,0.2239059495386442,0.3653631981912075,2.1628808059918403,0.0,1.0
synthetic-sample-0280,0.9151453137243831,0.0,0.7797206005995972,0.4750480499527505,0.6146598627123087,0.2312131532543873,0.0,1.0
synthetic-sample-0281,0.7208763245450802,1.2805611947869735,0.5507518599549037,0.5623981105451452,0.48438801990538577,0.655089056090365,0.0,1.0
synthetic-sample-0282,1.8083474628456269,0.5572268083369077,0.8017853048773151,1.7453649591832214,0.2047316013647531,0.0,0.0,1.0
synthetic-sample-0283,0.5688069532931851,2.0224076752164577,0.6554996134972421,1.0912680017899037,2.2621798645027114,0.758613857211563,0.0,1.0
synthetic-sample-0284,2.1491707566810305,0.7967792485475096,1.3081899260157552,1.3000120509899786,1.2943549398758343,0.960351097970042,0.0,1.0
synthetic-sample-0285,1.7613034876927152,4.036309545586465,0.9463336733884886,2.0988264227733064,1.1420634043283782,0.2608750018268746,0.0,1.0
synthetic-sample-0286,0.30268727132300327,1.773432335584612,0.9568041606938253,0.0,1.2815011092823647,1.3162537437584616,0.0,1.0
synthetic-sample-0287,0.13362146985665851,0.0,0.9275849760964519,1.2257048628006004,0.5686378762037838,0.0,0.0,1.0
synthetic-sample-0288,0.3909365021481232,1.6454961953252312,0.3763365789392045,1.0091231204734143,0.6382877784326216,0.39611346376347595,0.0,1.0
synthetic-sample-0289,0.3877572207322004,1.6651104036545907,0.5408306225341206,0.4361556200747904,1.092768205375625,1.853163110889045,0.0,1.0
synthetic-sample-0290,1.6545003259800368,0.9247235306723595,1.3763829139380952,0.7119480948753644,0.29845876935970317,1.1498653215672938,0.0,1.0
synthetic-sample-0291,0.5228277577213027,1.6908595539512483,0.36056641639944975,0.8369991201465857,0.4312823546315861,0.18619033932275783,0.0,1.0
synthetic-sample-0292,1.0418311302006786,0.5433040793894905,0.5483765689174809,1.3012749843773996,0.5189711705801928,1.8738972377398122,0.0,1.0
synthetic-sample-0293,2.537050629012391,0.49567586222936144,0.44009820999042004,0.9571091424525183,0.44442118064160363,0.6248977838219206,0.0,1.0
synthetic-sample-0294,1.037814916062614,1.580347909445189,0.3364443138060044,0.19749858994859465,0.46583676494975335,1.4672324030740715,0.0,1.0
synthetic-sample-0295,0.8829754993833617,0.0,0.0,0.0,0.4880541842061264,1.2724631612889659,0.0,1.0
synthetic-sample-0296,1.0978933043440624,1.6661970727096131,0.47884442069847405,1.6482688306740982,2.772012499117903,0.0,0.0,1.0
synthetic-sample-0297,0.8439371907636015,0.7341589095886834,1.443540039345914,0.45185386236987835,0.6212990650102962,1.5131864129322419,0.0,1.0
synthetic-sample-0298,0.37457013635590647,1.8201810471142617,0.5730687913716462,1.2193945733074087,0.26618356498650814,0.8669775541462447,0.0,1.0
synthetic-sample-0299,0.3295635348193284,0.0,2.12008182786423,1.7745792018256974,1.9905911534162752,0.5921454231707748,0.0,1.0
synthetic-sample-0300,1.0063247127087318,0.24732840636873532,3.5458809157828624,1.0150389093566723,0.0,0.6236851211207937,0.0,1.0
synthetic-sample-0301,0.4299255152879497,1.052910809039465,0.6660435598377912,0.5062561100352524,1.248221707074344,1.064627697082311,0.0,1.0
synthetic-sample-0302,2.09001801967495,3.0224760248553726,3.5506204102076917,0.9028200071783695,0.7170507097213097,0.7654922122170679,0.0,1.0
synthetic-sample-0303,0.8325244107426392,0.27488228767354883,0.6050474554804807,0.2195416777888564,1.112761727021135,0.7293710150880064,0.0,1.0
synthetic-sample-0304,0.3012484679726878,2.3605376997167484,1.7292245136973388,0.0,0.5591281687479657,1.3627471353723586,0.0,1.0
synthetic-sample-0305,1.9458115412164463,0.26847302299860154,1.660713836191795,0.4356138994221089,2.2198889468342,0.38877890176823565,0.0,1.0
synthetic-sample-0306,0.7092047552389806,0.4701311113872771,1.3394814279098957,0.5731125738303672,2.344057834849859,0.22989738310013758,0.0,1.0
synthetic-sample-0307,0.8513215440968634,0.25261764901370726,3.3505271257581772,0.9166960456014339,2.7333636818611042,0.41509791371582616,0.0,1.0
synthetic-sample-0308,1.3150356252546014,1.1267491459440917,2.4951303939111984,0.0,1.183647644375872,0.7299121049105437,0.0,1.0
synthetic-sample-0309,0.9843539425778168,0.8393049860127852,2.9702414566016215,0.24840554560934333,1.1141587271495252,0.7573314408391527,0.0,1.0
synthetic-sample-0310,0.5108868598412065,0.0,0.4857735552593631,0.6864199375981979,2.3388978854447657,1.8699724311990322,0.0,1.0
synthetic-sample-0311,0.30169223422596064,0.9474120116125416,0.19160247615773912,0.26536299408658726,0.4334833300529849,1.3996512854146903,0.0,1.0
synthetic-sample-0312,4.63994576506302,0.2998722527584522,4.517064739613982,0.27792632857008104,0.09532825128517045,0.9069910883054976,0.0,1.0
synthetic-sample-0313,1.9258086741301332,0.3093786581540492,0.228470115607824,0.0,2.4772035950035174,1.4556777995410624,0.0,1.0
synthetic-sample-0314,0.0,2.1710300427566067,0.8162097825570611,0.0,1.1200827673526992,0.6905849048693696,0.0,1.0
synthetic-sample-0315,1.0984338696120073,0.897212640299038,0.1817658309487357,0.7612860279366042,0.6784510831258521,0.7547026021689414,0.0,1.0
synthetic-sample-0316,1.0933807898121242,0.32747968459709,0.33350776787337466,0.8497771828871571,1.497182883868124,0.0,0.0,1.0
synthetic-sample-0317,1.1348832390447998,0.6311083996774478,0.6666252818487794,1.4086845998258906,0.5945276404867311,0.487903628608743,0.0,1.0
synthetic-sample-0318,0.24274544006976018,0.8589086140980636,1.8058012992545887,1.964051260554417,0.10035268999517508,8.272093399768888,0.0,1.0
synthetic-sample-0319,0.7777761155410282,0.4656574129489407,0.39985008785499676,0.540380533587185,0.0,2.434751741930716,0.0,1.0
synthetic-sample-0320,0.0,0.549342897375549,0.5997522277537967,0.8977456664772776,0.4143624780361407,0.564711957573068,0.0,1.0
synthetic-sample-0321,0.31970168967414925,0.6487318286169285,1.2025102906032576,0.7659540382871507,0.437756413804122,2.3440601212046412,0.0,1.0
synthetic-sample-0322,0.8360320817334407,1.3941442256603098,4.595391914558764,1.0454462304824137,1.6452960225703195,0.64748391549259,0.0,1.0
synthetic-sample-0323,0.9716650617544214,0.2849432710943082,1.8776021406607597,0.25664001798154956,1.486846549622222,0.7463411261641848,0.0,1.0
synthetic-sample-0324,0.6577272136200444,0.6842817899749943,0.3609818166141252,0.3342980065446604,1.3154231993921892,1.1193741807901079,0.0,1.0
synthetic-sample-0325,1.541500884445549,0.7554975272583322,0.7007153635662859,0.8113271726533615,0.0,0.5284379212096292,0.0,1.0
synthetic-sample-0326,1.4233465187420424,0.4284551076741194,1.7885824344423442,0.5018215652341367,1.0893197747264804,2.419468412568538,0.0,1.0
synthetic-sample-0327,0.43892190534392445,0.3488668939109261,2.2332743400359734,0.9896638820971952,0.4710465849300354,4.399697298302684,0.0,1.0
synthetic-sample-0328,1.2047967051335526,0.6183105507054454,1.093659258611073,0.6358240361081902,1.5188890925221685,0.4264411494440149,0.0,1.0
synthetic-sample-0329,1.3583111822055938,1.7541502617197704,1.1077241329848915,2.6927924677919974,0.3809521105998523,0.0,0.0,1.0
synthetic-sample-0330,0.6087314723717682,1.2602918451288065,0.46894809861577447,1.1882883825530806,1.8525480446904707,0.0,0.0,1.0
synthetic-sample-0331,0.7804925563631514,0.9084804156752393,0.0,0.33367107003730256,0.3807089972406547,1.7407953348178828,0.0,1.0
synthetic-sample-0332,0.2417412744212702,0.5394373901997316,0.7067219706890874,1.142403592094947,1.0281408465877706,0.4948664899794536,0.0,1.0
synthetic-sample-0333,0.0,1.4327844151447393,1.0095259457690087,1.6721523993098704,0.9148770360650827,0.4637711152535172,0.0,1.0
synthetic-sample-0334,0.4037461758369788,0.9702589646796919,0.4935045344470329,0.9760689749895257,0.0,1.1973170016168144,0.0,1.0
synthetic-sample-0335,0.7595924770953482,0.46217046719322047,2.9803841615758295,0.5076092006673404,0.0,0.601096037822735,0.0,1.0
synthetic-sample-0336,0.30787904660519105,0.32845419207716803,1.0616820108447613,0.0,1.8932175176434471,0.5399969266258634,0.0,1.0
synthetic-sample-0337,0.4643108993355051,1.3289678931322642,0.0,0.7919378844074916,0.3409160815550934,0.36344328759799577,0.0,1.0
synthetic-sample-0338,0.0,0.4015620485642634,0.688267460539831,1.2846939484590507,0.9302102659359907,1.7503804070789815,0.0,1.0
synthetic-sample-0339,1.5105669814210207,1.1469488991924612,0.5188444936063182,0.8357695156060616,1.3034208131389493,1.556670553054444,0.0,1.0
synthetic-sample-0340,1.4611229365068863,0.0,0.9175599120803929,0.2020449361593983,0.3612319630241883,0.9653640671654662,0.0,1.0
synthetic-sample-0341,0.0,0.0,3.594789369071042,1.1460791820032317,2.9674250870090195,1.5241603993097708,0.0,1.0
synthetic-sample-0342,2.5024373286711685,0.24371340812860662,0.43677209764043184,1.1668146577347007,1.0790214144538617,1.0747050330104149,0.0,1.0
synthetic-sample-0343,1.858745242869121,0.27597101096055665,1.175950048609451,1.6059919711010449,0.5822688783179222,0.0,0.0,1.0
synthetic-sample-0344,0.9127153009637836,0.38461576905444933,0.241159355091405,0.4864934997604324,0.8232438372890839,0.928259203187339,0.0,1.0
synthetic-sample-0345,0.6493588614202286,1.9102954306237185,2.1200795320416868,0.49584263171517545,0.6012479893012472,0.9411757471188739,0.0,1.0
synthetic-sample-0346,0.21653140056340156,0.6302617401446597,0.32965750689321954,1.406259361775081,0.3999484377795442,0.33286274354519524,0.0,1.0
synthetic-sample-0347,0.43401523480504817,1.2267867645304633,0.0,2.710035544889859,0.8518095321171163,0.8165356283408972,0.0,1.0
synthetic-sample-0348,1.5379476950034445,0.8247399252679251,1.1418108124298525,0.934705249925424,1.2562661598874758,2.127876825832329,0.0,1.0
synthetic-sample-0349,0.3729871028982503,0.8088159090474476,2.603372605638549,0.33677307397585715,0.4568666898925718,0.7703777439532071,0.0,1.0
synthetic-sample-0350,0.8586918492133135,0.5824003122694056,0.22763005303491718,0.0,2.598248968360006,0.6637867777177495,0.0,1.0
synthetic-sample-0351,0.5820406758474904,1.679757226474098,0.5902844010055255,0.28849038210688394,0.0,1.7437796224262756,0.0,1.0
synthetic-sample-0352,0.3051233490436007,0.390726043846095,1.2470363409413094,2.0599355050361914,0.9119504060757501,1.5390958670092183,0.0,1.0
synthetic-sample-0353,0.2135268983465292,1.9810637059801282,0.7101448172333227,0.7159489571234697,2.3663964142798695,0.31298520005682573,0.0,1.0
synthetic-sample-0354,0.6682304287175674,0.4793379375201045,1.9769718071271702,0.5306095339821573,1.5934825238097268,0.6366744375223296,0.0,1.0
synthetic-sample-0355,2.2020380312681365,0.45659847011709,2.1677169916174965,1.767428659811397,3.4911358221339674,0.6321337217940708,0.0,1.0
synthetic-sample-0356,0.8372134621605262,3.2862695570253635,0.6114875285759683,1.0110062421857564,1.8750015467344414,1.113784004512767,0.0,1.0
synthetic-sample-0357,1.1377462536368719,0.29303587908813267,0.6628291878819109,0.544379058357844,0.0,0.28168289990232426,0.0,1.0
synthetic-sample-0358,0.41619820334999696,1.3484220211212827,0.8793066830374211,0.7210087459381542,1.7001986167968903,0.29440282283503094,0.0,1.0
synthetic-sample-0359,1.5985909201434658,0.0,0.0,1.2353143089104985,2.3988899132701955,1.7756448088641295,0.0,1.0
synthetic-sample-0360,0.7167051732814115,0.4502039824269691,0.7374451909581616,0.4600748082805813,1.9552914405545663,4.226406287063812,0.0,1.0
synthetic-sample-0361,0.383779257150243,3.0053337605358514,0.8992720060296797,0.6672016975190044,0.0,0.565640823200562,0.0,1.0
synthetic-sample-0362,0.27569312265616946,0.26819496745316573,0.9374673758458949,0.37365777391585725,0.7125941901191948,2.3217701588557205,0.0,1.0
synthetic-sample-0363,0.8492929440263001,0.2230014476035008,0.8639185595839916,0.0,0.2616349698533968,0.6564089417259539,0.0,1.0
synthetic-sample-0364,1.5902407604067728,0.6133106041000941,0.2422442364370764,0.8304217778651187,0.8628776517336333,0.0,0.0,1.0
synthetic-sample-0365,1.1087039800414011,0.9958266759613627,0.46638788553899896,0.0,0.6246607538679338,0.3988492012631713,0.0,1.0
synthetic-sample-0366,0.5481209408434432,1.2993342291896808,1.0454922837069522,0.5784968451497027,2.233083248487386,0.0,0.0,1.0
synthetic-sample-0367,0.0,0.9378778630151792,0.6672030771142058,3.1133370503280022,1.4426214191426943,0.7489877794212196,0.0,1.0
synthetic-sample-0368,0.3453034581418933,0.7779280431065417,0.10388649509793513,1.1319571118092286,2.761322348281092,0.38078859025756223,0.0,1.0
synthetic-sample-0369,0.2626990113421878,0.47713782728654314,1.5927948407365164,0.627614616552462,0.7155467564934573,2.8835675593824286,0.0,1.0
synthetic-sample-0370,0.5449768743133838,0.578892343799177,1.3193918075491053,0.7659338137950603,0.0,0.19511193310817834,0.0,1.0
synthetic-sample-0371,1.481347368753805,1.0749400799769686,0.7276075045293074,1.2952682434530038,0.0,0.13822701072341848,0.0,1.0
synthetic-sample-0372,5.748063196213021,2.4764554081601737,0.0,0.2168712477826971,0.8507450513109407,1.2753939209393577,0.0,1.0
synthetic-sample-0373,0.42478217464457346,0.8886396182324384,0.8487581910117175,1.1078574046105867,0.7797204486194161,0.3716048242401088,0.0,1.0
synthetic-sample-0374,1.3017103775091887,0.8712596681098704,0.4197016284270936,1.5206931232444039,0.43358992125626833,0.8986941240667863,0.0,1.0
synthetic-sample-0375,0.5424296988377041,0.779275830258156,0.42739266023953,1.1056557844628496,0.6971232235522569,2.7694809297696263,0.0,1.0
synthetic-sample-0376,3.3058114874260514,0.7035895109109743,1.3063341847489551,0.4245588204176762,1.9026786671416087,0.4016475792689368,0.0,1.0
synthetic-sample-0377,1.5440774267094555,0.8138216208572063,2.656269738645528,0.5929214387566885,0.8274994747284693,0.3226828647562334,0.0,1.0
synthetic-sample-0378,0.4354092472369633,0.6321860357661506,0.18989617697057617,0.3393829819796426,0.12623666558482072,0.28495778777172354,0.0,1.0
synthetic-sample-0379,1.5453495542965638,0.7776428303499753,1.3846252503817176,2.565641831940086,0.0,1.7412865422252632,0.0,1.0
synthetic-sample-0380,2.0966613883143568,0.496892971518175,0.5787291413776342,0.0,0.6058351669100734,0.43186613524684025,0.0,1.0
synthetic-sample-0381,0.41734081655464567,0.35574044849787667,1.2823951055821043,0.5010392163442312,0.0,0.7917991413378316,0.0,1.0
synthetic-sample-0382,0.43151908553313256,0.40097585240489936,0.3885468248925266,0.7739298548735289,0.0,1.0627604969297322,0.0,1.0
synthetic-sample-0383,0.6014173404448429,1.3423505374468299,0.5942554889942187,1.5132108496949341,0.41169668871631415,0.35752267545906247,0.0,1.0
synthetic-sample-0384,3.9089994237485284,0.0,0.5700544434645739,3.426061628877183,0.1859800417600613,0.23496642442079754,0.0,1.0
synthetic-sample-0385,0.4198920709889901,2.2680282050284792,0.5325901426036077,0.9619928341814951,0.4969644122354856,0.877684942661483,0.0,1.0
synthetic-sample-0386,0.8744338825023593,2.693259367084882,1.158261197764309,0.7362728444388241,0.6297844903149098,1.7271543384703147,0.0,1.0
synthetic-sample-0387,0.6750909700118625,1.744741868712633,0.0,0.0,0.5246461710014151,2.198662510819005,0.0,1.0
synthetic-sample-0388,2.1435847289626473,0.2469140477474508,0.5913732517205044,0.13068379045645612,1.2669817258097293,0.45481562213542814,0.0,1.0
synthetic-sample-0389,0.2883076954480642,0.7094659245662167,1.607449360353124,1.3180897295866094,0.0,1.5393142966227356,0.0,1.0
synthetic-sample-0390,0.3958544627507157,0.7993715276557778,2.007467955588997,0.8314647795904597,1.8743752812795256,0.0,0.0,1.0
synthetic-sample-0391,0.0,1.2234119753017862,0.5405666180984235,1.1115734157375723,0.8325407263885674,1.5480645747553605,0.0,1.0
synthetic-sample-0392,2.560519936748399,1.548821842857882,1.0868129064934504,1.8033867981161664,1.2443189514665949,0.9465286484043145,0.0,1.0
synthetic-sample-0393,0.44046283683421983,0.0,0.5308329942093168,0.566497110587328,1.5081571991632927,1.3548187206938151,0.0,1.0
synthetic-sample-0394,0.6423711945651595,0.5463544758463231,2.99380905580365,0.29259760024315806,0.9716759747250663,0.9673873675906136,0.0,1.0
synthetic-sample-0395,0.513040354170278,0.22162924927698802,0.8236731157983556,0.5251515842405227,0.0,0.8368012804724172,0.0,1.0
synthetic-sample-0396,0.4985296913810723,1.5296231537169178,0.9397649240104472,0.46791638423831494,0.6597673084517339,1.0986785384685298,0.0,1.0
synthetic-sample-0397,1.30544294662458,2.610547230414314,0.0,3.344316331410599,1.9491270134728076,3.0294674831348463,0.0,1.0
synthetic-sample-0398,2.2528850462173193,0.5466493739053567,0.7657774107691265,1.4568050394053493,0.14539633739389443,0.8686275654259042,0.0,1.0
synthetic-sample-0399,0.0,0.21833550355118866,0.562656209714887,0.7932196636088951,0.6445157256330609,0.0,0.0,1.0
synthetic-sample-0400,0.45767566370491336,0.6189817404045193,0.9178064289487943,0.18922724309065497,0.5023672176742937,0.6215836326157198,0.0,1.0
synthetic-sample-0401,0.7208537808990878,1.5747127272078016,0.5952328833385834,0.0,0.3256393737465019,0.5681786469958566,0.0,1.0
synthetic-sample-0402,3.963602259822584,0.7201848203334783,0.5505873428275999,0.5894552115714643,0.4571720319128759,0.1286041952314943,0.0,1.0
synthetic-sample-0403,0.47123923918312904,0.7247967195074808,0.25399849062596713,0.8406701619194662,0.3273227316192256,2.7482494032172258,0.0,1.0
synthetic-sample-0404,1.0886819238845693,0.3134469075701724,1.479115291262605,0.4248999752018405,0.6955373778717096,0.2963486905059021,0.0,1.0
synthetic-sample-0405,0.4606926943832604,2.1469081709618245,1.3155077777041224,0.6683523771051275,1.3033683473771047,0.5460629873858608,0.0,1.0
synthetic-sample-0406,0.483762939048465,1.5499063633066135,0.9843794046785633,0.7403173944208806,1.9309296430682923,0.998730333788712,0.0,1.0
synthetic-sample-0407,0.0,2.3892368999823104,0.0,1.5414024980983962,1.066826745934945,0.7218659949169881,0.0,1.0
synthetic-sample-0408,2.915844858510525,1.1901670505656445,4.921615895316835,0.4663607155426247,0.6051044203756287,0.7638113670982148,0.0,1.0
synthetic-sample-0409,1.0082087978585446,0.9259711599120535,0.6385379632744254,0.27251707766777317,1.6137253454951561,0.45819009180672665,0.0,1.0
synthetic-sample-0410,0.5703767127311075,0.4286909425232089,0.3187783322456109,1.1920281318058308,0.7843962281450088,1.6145253601247371,0.0,1.0
synthetic-sample-0411,0.1540216680138724,0.44900510694022455,0.5169781366059218,0.11707678522720806,0.5104647431352202,1.1578703031337472,0.0,1.0
synthetic-sample-0412,1.34698592862172,0.4787115382633108,0.5661166318605515,1.6151673202628494,0.253013641754026,0.6014713585753293,0.0,1.0
synthetic-sample-0413,0.9894128845348401,0.5637533927439364,0.8426130260229987,0.35800990679564343,0.8910124468381102,1.4116596317773333,0.0,1.0
synthetic-sample-0414,0.7048231506702549,2.4948079248789754,0.0,0.8363843570870894,2.8326048212947064,0.41491667965639534,0.0,1.0
synthetic-sample-0415,0.40645088603592366,1.1018538146657817,1.8275500076271272,0.5076986500229079,0.31082329600971803,1.291171853278859,0.0,1.0
synthetic-sample-0416,0.40325162753065963,1.2002748422875031,0.9618742895523543,1.6033696819070353,0.6142594498114131,1.0434677254026032,0.0,1.0
synthetic-sample-0417,1.069760881104137,2.390579179166329,0.2533551686790123,0.2018912845861951,0.5017132313966775,0.43177119068241904,0.0,1.0
synthetic-sample-0418,0.869489651559008,0.0,0.4563145740618205,2.027773692257581,1.005962641284388,0.6967587970125151,0.0,1.0
synthetic-sample-0419,1.2725731679941372,0.0,0.5699090203405116,2.2879428739500685,0.6281384993602114,0.39628493971644074,0.0,1.0
synthetic-sample-0420,0.9291729353032028,0.3808285819553713,0.5936422943307115,1.5626276048979133,1.0421711242315137,3.426812288679887,0.0,1.0
synthetic-sample-0421,0.9458438841805171,1.4887126441694223,3.1840979568585053,0.7051002831680271,0.48553055412540913,0.45679594539949364,0.0,1.0
synthetic-sample-0422,0.6667233664972438,3.0822958321060696,3.6223416511298687,1.9960198133969473,0.9410646069434014,0.4017128407441255,0.0,1.0
synthetic-sample-0423,1.553118452032692,1.986337609576217,1.0328380929728902,0.814014419759228,0.8969509749391039,0.5472812410671455,0.0,1.0
synthetic-sample-0424,0.7590475624209918,0.8111428016660944,2.6808660016502293,0.5578170069818936,1.056060858523201,2.1820376590926167,0.0,1.0
synthetic-sample-0425,1.234302918966151,0.4378397662560347,0.46055747425277743,0.0,6.038569132240209,2.1434915129812318,0.0,1.0
synthetic-sample-0426,0.6450278588283507,0.4053305563892184,0.4362893146379506,0.0,2.132177349404275,0.302028761323532,0.0,1.0
synthetic-sample-0427,0.8958056619500571,3.5035953829602935,0.8070380849490919,0.0,0.4734023113222222,0.2812265216828813,0.0,1.0
synthetic-sample-0428,3.9461250952047644,0.8848556173680867,0.374847786170246,0.4059362565604846,0.6761236038122659,1.4970201305881108,0.0,1.0
synthetic-sample-0429,0.5704431242819763,2.063174523174273,2.4289144183207045,0.829202541938687,0.44775748515181973,0.9967427548096159,0.0,1.0
synthetic-sample-0430,0.2794156515006677,0.19248585134698915,0.8932731890405937,1.5779148971028987,1.3633414995956363,0.0,0.0,1.0
synthetic-sample-0431,0.6644142047930248,1.2051233464581217,0.20132382926966555,0.43548370116714097,1.4412395815140282,0.6651457924034959,0.0,1.0
synthetic-sample-0432,1.0445547977004042,0.0,0.17228533879379587,1.0975284433832289,0.22238576297305607,1.6377361741181182,0.0,1.0
synthetic-sample-0433,0.29349061326318543,0.6880349007244071,0.6014428316299528,2.6872855912635316,0.2910107484150436,0.6742206965416274,0.0,1.0
synthetic-sample-0434,0.6172262043516643,0.4916189739258016,1.1445406943348877,0.210210263122244,0.6176335174698321,0.46125394562405386,0.0,1.0
synthetic-sample-0435,0.8200026563288096,0.0,0.6805193066360968,0.9446273309257452,0.5462153092293938,1.2647581349072563,0.0,1.0
synthetic-sample-0436,0.8043768063844899,3.723309286258317,0.7597412688567182,0.33757037626914743,0.5021145031455734,0.0,0.0,1.0
synthetic-sample-0437,0.0,0.9009549434278235,0.8908930807365459,0.9465991769058569,3.562057129020098,1.4056111223597052,0.0,1.0
synthetic-sample-0438,2.988402381616233,0.0,0.749748624477572,0.7881662041165967,0.8382388478793642,0.16263885210626292,0.0,1.0
synthetic-sample-0439,0.717036359670899,0.0,0.3601914062273955,0.8143111697333476,0.9529408294168094,0.41084314878833106,0.0,1.0
synthetic-sample-0440,0.20906284442200804,0.6109198443305796,0.3289393022856107,0.9373531685299914,0.8080705156338999,2.289225020714017,0.0,1.0
synthetic-sample-0441,1.3858845062419431,0.8203795485967547,1.4155946135469173,0.0,0.6075944073187608,1.7589292238705068,0.0,1.0
synthetic-sample-0442,0.293360061596886,0.6062223291134753,0.35456221114501774,1.9062780202565923,1.0411683108751049,1.498774410180627,0.0,1.0
synthetic-sample-0443,0.6088951934163724,0.0,0.3305579628086371,0.7296862883218668,0.2563068538740804,1.314393171327281,0.0,1.0
synthetic-sample-0444,0.296884960513631,1.8393288011738758,1.0650179651986331,0.9623938044695598,0.7364960110716565,0.513005999091514,0.0,1.0
synthetic-sample-0445,0.4372936008241427,0.41630411193879796,0.2743810005145408,0.7217333713296643,0.47923177461441535,0.9940205577920025,0.0,1.0
synthetic-sample-0446,1.5599590723566412,0.567397324588233,0.0,0.0,0.7398780387400894,0.250646289518318,0.0,1.0
synthetic-sample-0447,0.6927505766737975,2.0287086793692293,0.5712046907154044,2.630039667350069,1.5656411327488267,0.0,0.0,1.0
synthetic-sample-0448,0.7663109927368845,0.718849753015571,0.8237937373549109,0.41216220014053534,0.8655456110610064,2.3073483624014233,0.0,1.0
synthetic-sample-0449,0.7175633377568149,0.851437820834184,0.7938995340688707,1.1965361042739673,0.9922792003955231,0.5436784657815908,0.0,1.0
synthetic-sample-0450,0.80394281679726,1.1219471766281188,1.2634505615312002,1.1692068107614437,0.19599788375290608,0.0,0.0,1.0
synthetic-sample-0451,0.1569404434539018,0.0,1.0949232699682332,0.3524405371471829,0.5488428891854455,0.32711929066025897,0.0,1.0
synthetic-sample-0452,0.3263084537103877,0.680594388395268,1.3911658179683537,0.7212791380299299,0.8166890163650112,0.9364519138934608,0.0,1.0
synthetic-sample-0453,0.6881459086566879,0.34004497554867585,0.8481479073348921,3.1476003767852294,1.117262675786014,3.622624352166046,0.0,1.0
synthetic-sample-0454,1.510930739560511,2.0890737526178924,0.9891395380383549,0.0,0.609892608650904,0.5744342169362158,0.0,1.0
synthetic-sample-0455,1.014418148367826,0.25954490328015717,1.4772642003978882,2.8028389651984753,0.9937078383235395,0.8786521511716583,0.0,1.0
synthetic-sample-0456,0.5530479367770126,1.632754724719479,0.909196398016961,4.868811275741836,0.06517386706518889,0.2948771155698068,0.0,1.0
synthetic-sample-0457,1.9216170776321189,0.4738722116357126,0.0,0.336052593419823,0.639527271898553,2.0167228454027577,0.0,1.0
synthetic-sample-0458,1.020427343625094,0.0,3.759947692069247,0.8109798692723076,0.8182863460008376,1.0674448483109453,0.0,1.0
synthetic-sample-0459,1.35193779577634,2.120012671948709,0.0,0.7651576285321053,2.5954538861167276,0.2522012647077684,0.0,1.0
synthetic-sample-0460,1.0921174827017086,1.2898285825481286,0.32237328846989144,1.64777143244476,1.0466020647756717,0.23903730455307073,0.0,1.0
synthetic-sample-0461,0.0,0.39360067206852006,0.8318766305177232,0.3875051278892289,0.594177490843617,1.010092719711985,0.0,1.0
synthetic-sample-0462,1.5147956557220086,3.096875936342036,0.3491718896495421,0.2740266541280307,0.425670519008337,1.1216461146295706,0.0,1.0
synthetic-sample-0463,0.46940705291448326,0.48962712117222956,0.3700325788309743,1.1633258423951574,0.3442206869891744,2.74910425300359,0.0,1.0
synthetic-sample-0464,0.8698562708100407,0.2561763881575764,0.7877413956344282,3.367348229399743,1.6857374678867931,0.3869963985215179,0.0,1.0
synthetic-sample-0465,0.3683418791042822,0.0,0.49763975092575463,1.2669135169783523,0.39440496631293104,0.601224945898177,0.0,1.0
synthetic-sample-0466,0.32356542673078953,2.0366256155896383,0.9842082183106944,1.7903919215052067,0.6549434325408049,0.27465043829929064,0.0,1.0
synthetic-sample-0467,0.599232070552904,0.5991802083729585,0.30925857779334337,0.6174276584134002,0.3259560665826918,0.5261850344869008,0.0,1.0
synthetic-sample-0468,0.948844783767078,0.4886947877774441,0.8174877735672197,0.37105861861334016,0.3286482345085877,1.927905036835892,0.0,1.0
synthetic-sample-0469,0.1686374623546419,2.1076055535702003,0.4287364991910699,0.18668195490399808,0.0,0.9205437442878203,0.0,1.0
synthetic-sample-0470,0.8241299253643606,0.47919105783672195,1.3850374360289799,0.7650067927480344,0.31939911534781973,1.0274285739877151,0.0,1.0
synthetic-sample-0471,1.296907159561715,0.29156092744058215,0.971308528470345,0.0,2.7786748787516804,1.297466179101666,0.0,1.0
synthetic-sample-0472,0.6808902944974182,0.3994208348457465,0.665188238963914,1.0882408515627313,1.2444643972012115,0.6103136293958115,0.0,1.0
synthetic-sample-0473,0.6552165884788813,1.0855857307876222,0.34358958419279756,0.9313111164903408,0.0,2.806105894073415,0.0,1.0
synthetic-sample-0474,0.484719049996233,0.5090295012043494,1.7778893840606367,3.267490075352192,5.061425523693293,1.7029621018675756,0.0,1.0
synthetic-sample-0475,0.7036888429553828,0.2027632031206741,1.0344260760843396,0.7761278848879417,1.1656006170288682,0.27083616206927574,0.0,1.0
synthetic-sample-0476,2.2425198221912073,1.3780601610777337,0.7314631158694286,1.2164762429840392,3.2309146333831826,0.8762291418475141,0.0,1.0
synthetic-sample-0477,0.8938130424586999,1.72258307439777,7.179244271577982,1.8659438012235745,2.2839339041149733,1.6823739277910836,0.0,1.0
synthetic-sample-0478,1.0386472993086149,0.0,0.4351458805869675,0.4263818859277079,0.7191125703649753,0.411027808986234,0.0,1.0
synthetic-sample-0479,0.7834883024964028,0.271142147777641,0.0,0.3434646038683512,1.6250196411176345,2.043648268326521,0.0,1.0
synthetic-sample-0480,0.0,0.0,0.0,1.3178837332196687,0.35421554380658116,1.5711881020285048,0.0,1.0
synthetic-sample-0481,3.761247677254425,0.0,2.552166011106312,2.17518149084148,0.9287301365925521,0.3572020613858553,0.0,1.0
synthetic-sample-0482,3.764861126322961,0.24100245115134292,0.21395648659337532,0.6333212840089282,0.9278102092419008,1.1948137666844854,0.0,1.0
synthetic-sample-0483,2.004466416311901,0.08836727374618575,0.0,0.0,0.39901565980665665,1.2674142375239679,0.0,1.0
synthetic-sample-0484,3.311010380586065,0.3517915533781913,0.31826614160131883,0.7862011686755925,0.8543322142103665,1.4071289110632546,0.0,1.0
synthetic-sample-0485,1.0744123340330334,0.0,0.1977045851632936,0.7611221638875071,1.4655522075179637,0.7117468154143342,0.0,1.0
synthetic-sample-0486,0.7577204466990787,0.7982647416603426,0.1308092621363532,2.4481447417717295,0.487621377694274,0.43334530515433856,0.0,1.0
synthetic-sample-0487,2.362020984817097,0.2553646619103106,0.6116551529819816,2.3850073428782395,0.0,0.11959908683524914,0.0,1.0
synthetic-sample-0488,0.55439489054719,0.2484277046800613,0.7074721800738561,2.2024517870009177,0.9986000657238236,0.5154101999933595,0.0,1.0
synthetic-sample-0489,1.7595687704695344,0.3676244836717371,0.8731944900698944,0.968485695571747,0.5076166484701431,0.4471628575261184,0.0,1.0
synthetic-sample-0490,1.9092657977393446,0.0948076285989865,0.19251600654031825,2.373153769702636,1.6218373184333215,0.35067114183114473,0.0,1.0
synthetic-sample-0491,0.0,0.6899663445271159,0.0,0.0,0.0,0.9731367673818802,0.0,1.0
synthetic-sample-0492,2.529100147186826,0.3454171886338473,1.4144442608256245,2.0888426904653565,0.524410505591762,0.363085793008942,0.0,1.0
synthetic-sample-0493,0.0,5.542271531652377,1.2365486244081432,1.2162140717393861,0.5498212129575961,0.0,0.0,1.0
synthetic-sample-0494,0.6821908992314578,1.2976562476596145,1.627056552994447,0.3123525326686901,1.2223973477642927,1.0006787081322903,0.0,1.0
synthetic-sample-0495,0.37446882126519854,0.9038816533738097,1.2589887233860246,0.39063006181310905,0.3689806551812048,4.478928543748673,0.0,1.0
synthetic-sample-0496,0.4068815185049045,0.6530505938842553,0.6524092480175512,0.0,1.3263577994511544,0.35127656647313205,0.0,1.0
synthetic-sample-0497,0.49668947882865894,1.0794254019673368,1.7422938408780098,0.3650846839917348,0.3735930028785614,2.3220946891921077,0.0,1.0
synthetic-sample-0498,0.2687148260032895,6.0169814491109745,0.3478366915649288,0.2723037585966747,0.9092734925372783,0.0,0.0,1.0
synthetic-sample-0499,0.2987617858961295,0.8678731827885826,0.0,1.1860764158820885,0.7210930575178202,0.0,0.0,1.0
synthetic-sample-0500,1.3141629467744507,2.4132773584641845,3.23579468141383,0.1812319949603492,3.5794318920780457,0.6858598035259988,0.0,1.0
synthetic-sample-0501,0.10586720408481644,0.8801478231088428,0.0,1.0580555403816712,2.2907308504286172,0.2923554321753576,0.0,1.0
synthetic-sample-0502,0.24774938107832134,1.0089150091123373,1.7121170307778744,0.07944425499264267,0.8578283877344081,0.4116012967537815,0.0,1.0
synthetic-sample-0503,0.2437762340019253,2.834409912811615,0.9918157154808858,0.6900398737783529,0.0,2.1087823092389337,0.0,1.0
synthetic-sample-0504,0.22778760597844322,0.5879191730962644,0.4688108727669549,0.778872693912677,0.7124931997894142,0.6229794485972113,0.0,1.0
synthetic-sample-0505,0.4998643212848218,0.5490777884553467,0.5535368067813968,0.42763282087917454,0.8594728672709696,1.0325183409738703,0.0,1.0
synthetic-sample-0506,3.102744193802186,0.9741492040916179,0.42810343382081056,0.0,0.8498176917435436,1.112554339658497,0.0,1.0
synthetic-sample-0507,1.480630193958557,1.552045117605204,0.5701291629270818,1.0496651468682943,0.0,1.657915730360878,0.0,1.0
synthetic-sample-0508,3.51844264467786,0.7404428070830766,0.3959496186016095,0.5669378176839993,1.528377327957062,0.445766358230696,0.0,1.0
synthetic-sample-0509,0.0,0.3781281521177613,1.620690189418942,0.6874746432839436,1.5223340764401099,0.37935304827637556,0.0,1.0
synthetic-sample-0510,0.0,0.6126654270429416,1.005302884262201,0.23368859751226295,0.41581179030609167,0.382178954174334,0.0,1.0
synthetic-sample-0511,0.2283090844388832,0.6517099946002068,0.2096663032362875,1.1130571782849041,0.6959457042579956,1.2141609104191957,0.0,1.0
synthetic-sample-0512,0.4674034360455038,0.0,1.113334077181727,0.6780131749690652,0.0,0.6796962103967196,0.0,1.0
synthetic-sample-0513,1.8771194560291533,1.4325875981733922,2.756200624494638,1.6245679007651121,2.729111177371163,0.7732290456369285,0.0,1.0
synthetic-sample-0514,0.656291769658749,0.7103065718228762,0.8377809158626802,0.0,0.8554731510073542,0.4728449201276851,0.0,1.0
synthetic-sample-0515,0.5894941337338792,0.40513712076007546,0.502657496343765,1.890513061496175,0.3825990572859745,0.639262579177489,0.0,1.0
synthetic-sample-0516,0.7668924812993954,1.1771467506023576,1.7150749448712077,0.0,0.8221268515649662,0.5913515310608565,0.0,1.0
synthetic-sample-0517,2.5786538951983715,0.2911042535081296,0.6111602306318429,0.968467102684063,2.9182863389686857,0.0,0.0,1.0
synthetic-sample-0518,1.0042336441420225,0.954187594290163,0.861570450641563,1.2112405189634987,0.0,0.5555741275417785,0.0,1.0
synthetic-sample-0519,0.48824191760430646,0.5594837288201574,1.676852783482875,0.6968297120553069,0.8068407312852489,0.8563587024784587,0.0,1.0
synthetic-sample-0520,1.4903924371788786,0.600287676635287,1.1577845565609834,1.0267244249965237,0.4380345672753657,0.0,0.0,1.0
synthetic-sample-0521,1.3054337837735035,0.5600448381100545,0.8294208360552947,1.6887641124744086,0.1546303531494353,0.3792128877577012,0.0,1.0
synthetic-sample-0522,0.2624835451868671,0.6177727005212214,1.1855380681715,0.4697980940039529,1.3425198317658116,0.843075125684558,0.0,1.0
synthetic-sample-0523,1.3029320509014397,0.0,0.0,0.26401511501228536,0.4909023350814562,0.5397384523892195,0.0,1.0
synthetic-sample-0524,0.9940938875927723,1.6111454168085904,0.7076821503189606,0.987355484497793,0.9254727416633446,0.28317022680074366,0.0,1.0
synthetic-sample-0525,1.0508182037295457,1.0374990953038499,2.825668520588254,0.2910684223415205,0.4892956001294102,0.9769843573957497,0.0,1.0
synthetic-sample-0526,0.46641764388161505,1.2685011413037304,2.623569960253778,0.7667226106590683,0.7741406357937417,2.1289705473379277,0.0,1.0
synthetic-sample-0527,0.32561781454066374,3.4605061784717313,0.7441320311546983,0.6011675537702358,1.1807676203083348,0.09946940362927383,0.0,1.0
synthetic-sample-0528,0.8061879153052719,1.124866986666155,0.23808741750066045,0.25482405400982816,1.1087957223238087,0.5714437363464815,0.0,1.0
synthetic-sample-0529,2.1077242046126665,0.07728359768650066,0.37656443035396076,0.7084862275571506,1.7743644877604967,0.4225849045663133,0.0,1.0
synthetic-sample-0530,3.215342880639142,0.34533605021470326,1.156913014572139,2.7594827325565747,0.41482044579989347,1.8515263099199508,0.0,1.0
synthetic-sample-0531,1.3676608244839308,0.28573135507675235,0.1710512072268745,2.3583660805320728,0.6179016873423623,0.5902320715533195,0.0,1.0
synthetic-sample-0532,6.197258959299932,0.2014822350186331,0.24130428674111049,1.078700704783073,0.8122965310339215,0.5927960293861739,0.0,1.0
synthetic-sample-0533,2.538090604072516,0.1333306572372889,0.1724597103296944,1.3933490629465102,1.0831542811078965,1.9563343902463892,0.0,1.0
synthetic-sample-0534,5.15064869554226,0.24930810959420618,0.13140411338120725,5.245285869722577,0.0,0.8216859845752102,0.0,1.0
synthetic-sample-0535,6.430447719507107,0.10608454542708375,0.4348356394426913,1.473078418651022,2.1143131033042613,0.4470206135112407,0.0,1.0
synthetic-sample-0536,1.4762072895275884,0.5196877687795871,0.0,1.5400881204729246,1.1437883364140924,0.6587047392468174,0.0,1.0
synthetic-sample-0537,11.27421484016071,0.46728486988273665,0.33443136672799245,0.860453261805299,1.550126848943718,0.5048812498681009,0.0,1.0
synthetic-sample-0538,2.474361300086495,0.4148349764740247,0.16533959717396982,3.3890629405481136,1.1141477983168906,0.8475441176389221,0.0,1.0
synthetic-sample-0539,2.515292914762796,0.17078101906196952,0.2112138970429539,0.5727054063367113,3.5606594918239787,0.47291921731883224,0.0,1.0
synthetic-sample-0540,1.191879159819988,0.9336111901733065,0.15733655528603083,3.0365817778620614,0.38104742919195017,0.6166769235264677,0.0,1.0
synthetic-sample-0541,0.5421676033127971,1.4791180844431853,1.0491472855566717,0.0,0.30690178827740183,1.2995885537262084,0.0,1.0
synthetic-sample-0542,0.6069562579354368,1.6058450814698,0.8376211748068729,0.9610509838753603,0.5705368659541268,1.2937515096955385,0.0,1.0
synthetic-sample-0543,0.12843025805888864,0.9548093996832696,1.4904816569779011,1.2798233473526992,0.2661277993775934,2.3604979817385634,0.0,1.0
synthetic-sample-0544,0.0,1.723406847653213,0.0,0.7265330312610268,1.9718294742733231,1.0077926355236109,0.0,1.0
synthetic-sample-0545,0.21462708219215312,1.7445454863260281,0.0,1.461543188860844,0.4933785573373119,0.6239428805523709,0.0,1.0
synthetic-sample-0546,0.8060816412384192,0.8221578395414347,2.163953405105277,0.4651417167612689,2.415097794578662,2.366217940533008,0.0,1.0
synthetic-sample-0547,0.5995259720002367,0.4486408209929652,0.3542130093539231,0.8809835445539236,1.9431409759756124,0.5608726868864962,0.0,1.0
synthetic-sample-0548,0.183613365682804,1.2574621362688938,0.15076983030405358,0.2810258545589549,0.2604017844779693,0.5168160449512558,0.0,1.0
synthetic-sample-0549,0.5360739487106109,1.1597404457822142,0.3222848978891947,2.060888039903225,0.684823263434472,0.9635847040335535,0.0,1.0
synthetic-sample-0550,0.14590690757724187,1.534794730416386,0.8833269294762878,1.1280946126570677,0.8515592545421449,2.903769205452207,0.0,1.0
synthetic-sample-0551,0.7220887007199704,1.0572577395634486,0.7789814989807587,0.5560131432490963,0.45237667491327727,0.32238611684399077,0.0,1.0
synthetic-sample-0552,0.8750950031597597,6.2704651942514245,2.147782538946946,0.3759114940216079,0.35291196613843,0.8250303872710167,0.0,1.0
